,0,1,2,3,4,5,6,7
0,1.0,18.61111111111111,0.88,0.95,2.27,1.5,4,1.137061304395011
1,9.0,33.333333333333336,3.85,1.04,2.45,2.5,4,1.7018241867906594
2,11.0,15.277777777777777,4.0,0.53,0.86,1.98,4,1.7655325294120385
3,12.0,10.277777777777777,1.1800000000000002,0.92,2.33,2.5,4,0.7239326548637486
4,15.0,13.61111111111111,0.37,0.77,0.95,2.37,4,0.7422905672121445
5,17.0,17.77777777777778,0.04,1.22,0.8,2.31,4,3.054088863303864
6,21.0,18.61111111111111,1.78,0.74,0.89,2.5,4,1.4468632845922154
7,24.0,25.27777777777778,3.58,0.5,0.83,2.5,4,1.8581110059102537
8,25.0,32.77777777777778,4.0,0.68,0.8,2.46,4,3.1633191057994736
9,29.0,13.61111111111111,3.88,0.53,0.86,2.16,4,1.0363339525753155
10,33.0,28.61111111111111,3.61,0.59,1.04,1.56,4,1.2464044296077248
11,34.0,33.333333333333336,3.73,0.59,1.88,2.5,4,1.3323115456519998
12,36.0,15.277777777777777,1.39,0.5,2.5,2.5,4,2.9979729169086546
13,37.0,16.11111111111111,1.81,1.25,2.5,1.95,4,1.7199112926550946
14,40.0,15.277777777777777,0.4,1.04,1.01,2.5,4,1.5929541907620206
15,43.0,31.944444444444443,0.34,0.5,0.8,2.43,4,1.695002434659687
16,44.0,18.61111111111111,0.13,0.62,0.8,1.86,4,1.3791861221672568
17,45.0,16.944444444444443,1.12,0.74,1.07,1.65,4,0.645123944476875
18,46.0,33.333333333333336,2.77,0.5,2.03,2.5,4,1.4092898030918182
19,47.0,13.61111111111111,1.51,0.68,0.86,2.5,4,0.810562327917802
20,56.0,33.333333333333336,0.79,0.56,0.83,1.56,4,2.0127631772022183
21,57.0,16.11111111111111,0.16,0.5,0.8,2.07,4,1.7524287707713748
22,60.0,17.77777777777778,0.97,0.56,0.83,2.37,4,1.4492318470775944
23,61.0,33.333333333333336,4.0,0.89,0.8,2.5,4,2.394954293991093
24,65.0,11.944444444444445,1.54,0.53,1.88,2.46,4,1.44215288774112
25,70.0,33.333333333333336,1.2400000000000002,0.53,2.5,2.5,4,1.238679348496233
26,73.0,17.77777777777778,3.85,0.86,0.86,1.62,4,3.721487254234962
27,76.0,16.944444444444443,0.4,1.31,0.86,2.5,4,1.1623632892852147
28,79.0,17.77777777777778,0.73,0.8,0.89,2.4,4,0.6671699751989605
29,81.0,14.444444444444445,0.28,1.07,0.8,2.5,4,0.9889940000135998
30,89.0,15.277777777777777,0.64,0.83,0.8,2.5,4,2.02644955156571
31,92.0,33.333333333333336,2.56,0.83,2.15,1.53,4,1.8594199453545601
32,97.0,13.61111111111111,1.75,0.74,0.92,2.5,4,0.792664119412286
33,100.0,13.61111111111111,0.31,0.62,1.43,2.5,4,2.841212383125227
34,107.0,15.277777777777777,0.64,1.1,2.0,2.5,4,0.9650939316074443
35,108.0,16.944444444444443,2.5,0.68,2.24,2.22,4,4.879883429491781
36,110.0,18.61111111111111,3.07,0.56,1.07,2.5,4,1.9513725894893572
37,118.0,33.333333333333336,4.0,0.68,0.8,2.5,4,4.014065072481318
38,123.0,33.333333333333336,2.68,0.53,1.13,2.5,4,1.4102873462035346
39,126.0,31.944444444444443,1.3,0.53,0.8,2.5,4,3.903156282359041
40,127.0,33.333333333333336,1.45,0.8,1.16,2.5,4,1.9344711908529684
41,131.0,33.333333333333336,1.09,0.53,1.01,2.5,4,1.3170896937931387
42,132.0,16.944444444444443,0.52,0.5,0.8,2.5,4,1.4361847518262425
43,133.0,33.333333333333336,0.88,0.5,0.86,2.5,4,2.5107690216471497
44,134.0,20.27777777777778,4.0,0.68,0.8,2.5,4,2.3948111111588206
45,137.0,11.11111111111111,0.94,0.59,1.19,2.5,4,1.241411596382358
46,138.0,33.333333333333336,4.0,0.86,2.5,2.5,4,2.056419112480839
47,140.0,33.333333333333336,0.07,0.5,2.5,2.5,4,1.9644221862934388
48,142.0,16.11111111111111,0.25,0.5,2.36,2.46,4,1.340452329016026
49,143.0,18.61111111111111,2.44,0.5,0.8,2.46,4,1.528964763171513
50,146.0,33.333333333333336,0.01,0.5,1.85,2.5,4,1.8317954631290814
51,151.0,33.333333333333336,0.19,0.5,1.61,2.5,4,2.1723751369126236
52,156.0,15.277777777777777,0.88,0.77,1.28,1.5,4,1.790999045042248
53,160.0,33.333333333333336,0.04,0.59,0.8,2.5,4,3.1230434271538074
54,161.0,33.333333333333336,3.61,0.5,0.8,2.5,4,1.805093688357845
55,166.0,20.27777777777778,2.29,0.53,0.8,2.07,4,3.445411316781382
56,167.0,33.333333333333336,1.66,0.5,1.01,2.5,4,2.0646778745752057
57,182.0,12.777777777777777,0.07,0.77,0.8,2.5,4,1.1291870254186198
58,185.0,16.11111111111111,4.0,0.5,1.1,2.5,4,0.898240756604545
59,192.0,33.333333333333336,4.0,0.5,0.8,2.19,4,2.1719477856964704
60,193.0,20.27777777777778,4.0,0.56,1.34,2.5,4,1.3149055130087879
61,195.0,14.444444444444445,0.94,0.56,0.8,2.5,4,2.9036154438752715
62,204.0,33.333333333333336,4.0,1.16,0.8,2.5,4,1.1628012249631032
63,207.0,15.277777777777777,3.9700000000000006,0.62,1.91,2.5,4,0.8194262166404603
64,217.0,16.944444444444443,4.0,0.53,0.8,2.5,4,1.6163382116377858
65,218.0,17.77777777777778,2.35,1.04,0.8,2.5,4,2.874221360692584
66,235.0,33.333333333333336,0.37,1.61,1.16,1.53,4,0.591097730120499
67,236.0,16.944444444444443,1.42,0.98,0.8,2.5,4,2.682503109914117
68,239.0,33.333333333333336,4.0,0.68,1.25,1.62,4,0.8735403371366556
69,241.0,16.11111111111111,4.0,0.83,2.36,2.5,4,3.509701649570541
70,243.0,15.277777777777777,4.0,0.86,0.95,2.5,4,1.476237075206954
71,244.0,20.27777777777778,0.55,1.52,2.12,1.89,4,0.6070684178492602
72,252.0,27.77777777777778,3.28,0.5,0.89,2.5,4,0.8387205297646019
73,253.0,15.277777777777777,0.64,0.62,2.5,2.5,4,0.961951909195296
74,255.0,15.277777777777777,0.25,0.8,2.21,2.5,4,1.0198413743437118
75,256.0,33.333333333333336,4.0,1.46,1.76,2.5,4,3.888176442819341
76,261.0,16.11111111111111,0.01,0.89,1.61,1.86,4,1.4307163671084935
77,265.0,12.777777777777777,0.97,0.74,0.8,2.19,4,1.9385968366839346
78,288.0,21.944444444444443,2.5,0.77,1.58,2.5,4,0.7472489620760152
79,289.0,33.333333333333336,3.49,0.62,2.5,1.5,4,2.1543482274332586
80,295.0,33.333333333333336,3.49,0.5,1.19,2.07,4,1.1423955672641806
81,297.0,28.61111111111111,4.0,0.65,0.8,2.5,4,1.0294210317674501
82,298.0,33.333333333333336,4.0,0.77,2.5,1.5,4,1.6234532435063092
83,305.0,33.333333333333336,4.0,0.68,1.25,2.5,4,1.2938478890161345
84,308.0,15.277777777777777,1.33,0.98,1.04,2.5,4,1.4327311344258493
85,309.0,15.277777777777777,4.0,0.5,0.8,2.5,4,1.389226370810766
86,310.0,26.944444444444443,4.0,0.83,0.8,2.5,4,3.418952991110818
87,318.0,17.77777777777778,0.49,0.65,0.8,2.5,4,1.2689802780765047
88,331.0,16.11111111111111,1.36,0.74,0.89,2.5,4,0.944091447382958
89,336.0,16.944444444444443,0.1,0.53,1.19,2.5,4,0.7033490129431246
90,346.0,20.27777777777778,0.49,0.83,1.61,2.5,4,2.1426388220625343
91,348.0,13.61111111111111,0.55,1.04,0.8,1.95,4,0.6560001766497944
92,351.0,16.11111111111111,1.6,0.5,0.86,2.01,4,1.404939595205859
93,352.0,33.333333333333336,0.46,0.98,2.15,2.07,4,1.254521980023914
94,353.0,14.444444444444445,1.42,0.5,2.36,2.49,4,1.640168272649761
95,361.0,13.61111111111111,0.94,0.59,0.98,1.77,4,1.0847926765875056
96,362.0,13.61111111111111,0.25,0.98,1.85,2.5,4,0.7135373652276176
97,367.0,16.11111111111111,0.58,0.62,0.98,2.5,4,1.2311114291835057
98,368.0,17.77777777777778,0.16,0.95,0.89,2.37,4,0.6503295893385097
99,376.0,16.944444444444443,1.9900000000000002,0.68,1.04,2.34,4,1.7968466446824731
100,377.0,33.333333333333336,4.0,0.83,2.5,2.5,4,1.0984299384245901
101,378.0,16.944444444444443,0.73,0.98,2.24,2.5,4,1.059047852238888
102,381.0,15.277777777777777,0.31,0.83,2.5,1.68,4,0.8888556661704168
103,382.0,11.11111111111111,0.7,0.74,1.49,2.1,4,1.2759824701082623
104,391.0,11.944444444444445,3.1,0.59,1.22,2.5,4,1.377609410928305
105,396.0,33.333333333333336,4.0,0.8,2.3,2.04,4,0.858876905498237
106,398.0,13.61111111111111,0.19,0.65,1.61,1.59,4,0.8360551447846742
107,399.0,20.27777777777778,4.0,0.83,0.8,1.83,4,1.9748625109178697
108,400.0,12.777777777777777,1.03,0.89,1.4,2.5,4,0.5725629585435834
109,403.0,33.333333333333336,4.0,1.1,0.8,2.5,4,0.6293581733057056
110,411.0,14.444444444444445,2.2,0.5,1.01,2.16,4,1.8302986555568774
111,413.0,33.333333333333336,4.0,0.95,2.5,2.37,4,2.19218127506808
112,419.0,33.333333333333336,4.0,1.22,2.5,1.5,4,0.6559580678959265
113,423.0,13.61111111111111,2.5,0.62,2.5,1.77,4,2.2392592466023196
114,425.0,11.944444444444445,1.33,0.89,2.5,2.49,4,2.6281668946095733
115,438.0,33.333333333333336,4.0,0.53,2.45,1.56,4,1.0875707277337752
116,439.0,33.333333333333336,4.0,0.59,0.8,2.5,4,1.7749942398553042
117,460.0,29.444444444444443,4.0,0.65,0.8,2.5,4,1.2541976244414927
118,461.0,14.444444444444445,0.67,0.5,1.55,2.04,4,1.4754994280537
119,462.0,26.944444444444443,3.79,0.77,2.5,1.53,4,1.301336014970695
120,464.0,15.277777777777777,1.84,0.62,0.95,2.5,4,1.8231060204278884
121,497.0,33.333333333333336,4.0,1.04,1.1,2.5,4,1.3065886219500784
122,498.0,15.277777777777777,0.19,0.68,0.95,2.5,4,0.8694844114932934
123,504.0,33.333333333333336,2.5,0.5,2.06,2.5,4,1.4365463976598059
124,506.0,24.444444444444443,0.22,0.95,2.5,1.56,4,2.0479928587770373
125,510.0,19.444444444444443,4.0,0.5,0.8,2.5,4,1.793081654776532
126,511.0,33.333333333333336,2.56,0.59,0.8,2.5,4,1.8646109972544238
127,515.0,18.61111111111111,4.0,0.56,0.8,2.5,4,1.837411536666628
128,519.0,33.333333333333336,0.04,0.8,2.5,2.5,4,2.6038890558901233
129,523.0,33.333333333333336,4.0,0.53,0.89,1.5,4,1.6215543837740947
130,524.0,18.61111111111111,1.27,0.56,1.01,2.5,4,1.4575123725290817
131,525.0,33.333333333333336,0.97,0.53,0.83,2.5,4,1.1144342213265137
132,528.0,33.333333333333336,1.15,0.56,0.8,2.49,4,1.5789096273935315
133,529.0,18.61111111111111,0.1,0.53,1.73,1.86,4,0.7099703420777855
134,532.0,23.61111111111111,1.9900000000000002,0.56,1.16,2.5,4,1.3888801489264755
135,533.0,21.11111111111111,0.58,0.5,0.8,2.5,4,1.132034868994703
136,536.0,11.944444444444445,2.77,0.5,0.92,1.86,4,1.6486103575152486
137,537.0,14.444444444444445,3.55,0.5,0.98,2.5,4,1.3455170559376528
138,541.0,33.333333333333336,2.02,0.53,0.95,2.5,4,1.574154571177842
139,543.0,31.944444444444443,4.0,1.28,2.5,2.46,4,1.0182204462873983
140,545.0,13.61111111111111,0.7,0.65,2.24,2.5,4,1.156506446433828
141,551.0,33.333333333333336,1.45,0.71,2.5,1.5,4,1.2716769295575685
142,553.0,33.333333333333336,4.0,0.62,0.8,2.5,4,1.4147953635889365
143,554.0,33.333333333333336,2.35,1.07,0.83,1.95,4,0.8420511332080234
144,559.0,19.444444444444443,2.86,0.92,0.95,2.5,4,0.8965892529701757
145,563.0,33.333333333333336,4.0,0.56,0.95,1.53,4,0.817225219364248
146,570.0,33.333333333333336,3.64,0.62,0.86,2.5,4,0.6576341763673822
147,571.0,32.77777777777778,4.0,0.65,2.5,2.5,4,0.42842582603249046
148,575.0,33.333333333333336,0.28,1.16,2.5,2.4,4,0.8185495532849303
149,578.0,33.333333333333336,4.0,0.74,0.8,2.5,4,0.8790656375746724
150,582.0,9.444444444444445,1.63,0.56,1.49,2.5,4,1.2370966794907503
151,591.0,30.27777777777778,3.7,0.68,0.8,2.5,4,0.9723947100612268
152,595.0,31.11111111111111,1.06,0.95,2.06,2.5,4,0.9711125664321361
153,597.0,26.944444444444443,3.55,1.43,0.83,2.5,4,1.059369902214943
154,603.0,16.944444444444443,4.0,0.53,1.04,2.1,4,0.599581728560569
155,605.0,16.944444444444443,4.0,1.25,0.86,2.04,4,1.5478278973762953
156,607.0,19.444444444444443,2.5,0.53,0.8,2.5,4,2.0079858521329763
157,611.0,33.333333333333336,0.37,0.8,2.5,1.62,4,1.5337588049383029
158,614.0,33.333333333333336,3.82,0.71,1.85,2.49,4,1.1352619735081126
159,616.0,33.333333333333336,3.85,0.98,2.5,2.5,4,1.0517576074081585
160,619.0,18.61111111111111,0.1,0.71,0.89,2.43,4,0.8519868097403067
161,620.0,26.944444444444443,4.0,0.53,0.83,1.5,4,1.0638139709917882
162,621.0,21.944444444444443,1.03,0.74,2.15,2.5,4,1.0000724218555814
163,629.0,12.777777777777777,1.45,0.59,0.95,2.01,4,0.8693866365120488
164,630.0,33.333333333333336,4.0,0.83,1.97,2.5,4,2.7507687997046104
165,636.0,27.77777777777778,4.0,0.65,0.8,2.5,4,2.4288724331485074
166,642.0,33.333333333333336,4.0,0.8,0.8,2.5,4,0.9818830858237164
167,643.0,30.27777777777778,4.0,0.92,0.8,2.5,4,1.3062749344191995
168,646.0,33.333333333333336,4.0,1.04,1.19,2.5,4,1.3349777124214972
169,647.0,11.944444444444445,0.28,0.74,2.06,2.5,4,1.0560690915706505
170,656.0,17.77777777777778,1.48,0.62,1.01,1.5,4,1.0286037799649024
171,657.0,33.333333333333336,3.31,0.53,0.86,1.56,4,0.9092371894976695
172,659.0,21.944444444444443,1.27,0.62,0.8,2.28,4,0.5319446985505772
173,666.0,16.944444444444443,1.12,0.65,2.5,1.86,4,1.469873497550038
174,667.0,15.277777777777777,1.78,0.65,1.7,2.22,4,0.48741879363493057
175,676.0,15.277777777777777,0.16,0.53,2.48,2.5,4,0.8597488779954907
176,685.0,16.11111111111111,0.76,0.68,2.5,1.86,4,1.2349807091307297
177,687.0,33.333333333333336,4.0,0.68,1.31,2.5,4,1.7150363359357716
178,692.0,14.444444444444445,0.4,0.83,2.5,1.53,4,1.4917976595302536
179,697.0,33.333333333333336,4.0,0.71,1.46,1.5,4,3.071054852216054
180,698.0,33.333333333333336,3.79,0.8,1.1,2.5,4,1.019042257395406
181,699.0,24.444444444444443,3.67,0.95,2.5,1.5,4,1.378692790031812
182,710.0,13.61111111111111,2.08,0.95,2.5,2.46,4,1.603695223740452
183,711.0,19.444444444444443,2.56,1.1,1.79,2.5,4,1.7642031113391043
184,712.0,16.944444444444443,1.42,0.86,0.8,2.5,4,2.0310225616494204
185,724.0,33.333333333333336,0.43,1.13,2.12,2.5,4,1.4297330533735984
186,734.0,23.61111111111111,4.0,0.8,0.8,1.98,4,0.7893251094223266
187,740.0,33.333333333333336,3.88,0.71,1.07,1.53,4,1.2505977127585677
188,741.0,16.11111111111111,1.72,0.53,1.97,2.34,4,0.8744663923123872
189,742.0,33.333333333333336,1.45,0.74,2.5,1.95,4,0.7737245810233342
190,743.0,13.61111111111111,1.2400000000000002,0.62,1.19,2.13,4,1.165378053241163
191,744.0,18.61111111111111,1.42,0.89,1.1,2.16,4,1.1500783021403802
192,748.0,16.11111111111111,0.16,0.86,1.82,1.53,4,0.7944015801225044
193,753.0,33.333333333333336,3.46,0.56,2.12,2.5,4,0.8241916676040195
194,757.0,33.333333333333336,4.0,0.56,1.28,1.5,4,0.9425421499533089
195,767.0,18.61111111111111,2.35,0.89,0.83,1.92,4,2.4305698873516706
196,770.0,19.444444444444443,3.43,0.8,0.8,1.86,4,1.3325382318004595
197,774.0,32.77777777777778,4.0,0.62,0.86,1.53,4,1.125292903182286
198,778.0,32.77777777777778,4.0,0.5,0.86,2.5,4,0.5147050476715085
199,783.0,17.77777777777778,1.15,1.19,1.79,2.5,4,2.0983257104105113
200,785.0,33.333333333333336,3.91,0.62,0.8,2.5,4,2.3789962674194736
201,787.0,17.77777777777778,2.32,0.68,2.5,2.5,4,0.9341292194673015
202,793.0,21.944444444444443,4.0,0.59,0.8,2.5,4,0.9411365413191595
203,797.0,33.333333333333336,4.0,0.77,0.95,1.89,4,1.5959269637045748
204,799.0,30.27777777777778,4.0,0.71,2.5,2.5,4,0.6734525317105238
205,800.0,33.333333333333336,4.0,0.89,2.18,2.5,4,1.2051123018379428
206,802.0,16.944444444444443,0.07,1.22,2.48,2.4,4,2.1575335720779725
207,808.0,15.277777777777777,0.31,0.65,0.89,2.25,4,0.8374722818459375
208,809.0,33.333333333333336,3.91,0.71,1.13,2.37,4,0.7117681509551808
209,810.0,17.77777777777778,0.67,1.01,0.86,1.53,4,0.6755241111235399
210,821.0,33.333333333333336,4.0,0.68,2.5,2.5,4,0.8878813490930275
211,827.0,18.61111111111111,0.28,1.1,2.5,1.8,4,1.2582309336230226
212,830.0,18.61111111111111,4.0,0.71,0.86,2.5,4,0.97154762450853
213,833.0,33.333333333333336,3.67,0.98,1.13,2.5,4,1.005326083567686
214,840.0,33.333333333333336,0.01,1.1,2.5,1.68,4,0.7855454604559668
215,841.0,33.333333333333336,4.0,0.95,0.8,2.5,4,0.5735599318324338
216,843.0,31.944444444444443,2.41,0.65,0.86,2.5,4,0.6911225363168778
217,847.0,15.277777777777777,0.37,0.86,1.76,1.8,4,1.199836367837693
218,852.0,33.333333333333336,1.81,0.8,2.5,1.59,4,3.0457175682288717
219,856.0,16.11111111111111,4.0,0.65,2.3,1.5,4,0.7633745018080795
220,859.0,16.11111111111111,2.29,0.65,1.58,2.5,4,1.7876439514148856
221,861.0,33.333333333333336,4.0,1.25,0.83,1.5,4,0.9192789429942927
222,864.0,33.333333333333336,2.56,0.65,2.5,2.5,4,0.8747411097673754
223,865.0,33.333333333333336,2.1100000000000003,0.83,2.5,1.53,4,1.678436429926845
224,870.0,15.277777777777777,1.0000000000000002,0.65,1.7,2.5,4,0.9329359586804535
225,871.0,19.444444444444443,1.36,1.04,2.45,1.62,4,0.6933137512634684
226,873.0,21.944444444444443,2.38,1.01,2.5,1.59,4,1.3289093855996823
227,874.0,18.61111111111111,2.1100000000000003,0.98,1.04,1.59,4,1.8180099137871506
228,875.0,16.944444444444443,0.94,0.95,0.95,1.68,4,1.9884037420438134
229,876.0,21.944444444444443,4.0,0.83,0.8,2.5,4,1.6913064470481627
230,883.0,17.77777777777778,1.9,0.65,0.83,2.31,4,1.159266282984448
231,884.0,15.277777777777777,0.13,0.74,2.45,2.5,4,0.4800273646638261
232,885.0,16.11111111111111,4.0,0.56,0.86,2.5,4,1.0014811173296023
233,887.0,14.444444444444445,3.46,0.5,0.8,2.5,4,1.017317522342118
234,889.0,33.333333333333336,4.0,0.98,2.5,1.56,4,2.585839239383402
235,891.0,13.61111111111111,0.1,0.65,2.12,2.5,4,1.5473903418179078
236,894.0,15.277777777777777,2.74,0.5,0.98,2.5,4,2.7152368197703622
237,911.0,16.11111111111111,0.19,0.95,0.8,2.46,4,1.2145879598613432
238,912.0,13.61111111111111,0.64,0.89,0.86,2.28,4,1.128535612012537
239,919.0,21.11111111111111,3.07,0.53,1.49,2.5,4,0.940110338123733
240,921.0,15.277777777777777,0.58,0.5,2.5,2.5,4,1.825477595191329
241,923.0,14.444444444444445,0.91,0.56,0.89,2.5,4,1.304388583296068
242,929.0,13.61111111111111,4.0,0.62,1.49,2.5,4,0.6689937743763906
243,932.0,16.944444444444443,1.06,0.83,2.42,2.1,4,1.396132074504656
244,933.0,31.944444444444443,4.0,0.65,0.8,2.5,4,1.0090153273560383
245,936.0,10.277777777777777,4.0,0.5,0.83,2.5,4,1.4226053140183783
246,938.0,13.61111111111111,0.82,1.1,0.8,2.5,4,2.215203418071745
247,942.0,21.11111111111111,1.36,0.95,0.8,2.4,4,0.752291335084188
248,943.0,20.27777777777778,4.0,0.89,0.8,1.95,4,0.34487977027526723
249,946.0,33.333333333333336,4.0,1.16,2.42,1.5,4,2.400172452637765
250,953.0,14.444444444444445,2.47,0.8,0.89,1.53,4,1.015776993877834
251,955.0,14.444444444444445,4.0,0.74,0.8,2.5,4,1.9973004101973115
252,972.0,31.11111111111111,4.0,0.92,0.8,2.5,4,2.451371672212874
253,982.0,33.333333333333336,2.95,1.34,0.95,2.5,4,1.310981948518566
254,999.0,20.27777777777778,4.0,0.65,0.92,1.5,4,2.3021321937359125
255,1000.0,33.333333333333336,3.43,0.92,0.83,2.5,4,0.8911954713303119
256,1001.0,16.944444444444443,2.32,0.74,1.04,2.5,4,1.1220542708845536
257,1012.0,16.944444444444443,0.82,0.98,2.5,2.5,4,1.9125614852952055
258,1024.0,33.333333333333336,4.0,0.74,0.95,2.5,4,1.2235828004384444
259,1048.0,16.11111111111111,4.0,0.56,0.83,2.5,4,0.7164841244864276
260,1050.0,23.61111111111111,4.0,0.74,0.8,2.5,4,0.8944851720298828
261,1061.0,10.277777777777777,3.88,0.77,0.8,2.5,4,0.4139612904875385
262,1096.0,15.277777777777777,0.67,0.62,2.3,1.95,4,1.1168076687150652
263,1109.0,33.333333333333336,4.0,0.92,1.25,1.53,4,2.025345822737002
264,1110.0,16.944444444444443,0.16,0.86,0.98,2.5,4,1.2666027432324491
265,1115.0,33.333333333333336,4.0,0.98,1.73,2.5,4,2.104091312907875
266,1127.0,19.444444444444443,4.0,0.74,0.8,2.5,4,1.2612105820420534
267,1130.0,10.277777777777777,0.04,0.98,2.5,1.59,4,2.1077673363949345
268,1146.0,33.333333333333336,4.0,0.83,0.8,2.5,4,1.3816709912721699
269,1147.0,19.444444444444443,4.0,0.71,0.83,2.5,4,1.3369234310827987
270,1157.0,13.61111111111111,0.13,1.07,2.0,1.92,4,1.4940840064153136
271,1158.0,16.11111111111111,2.56,0.68,1.79,2.5,4,0.9266776620298138
272,1159.0,33.333333333333336,4.0,0.86,0.8,1.5,4,2.203405050393231
273,1160.0,33.333333333333336,3.91,1.13,1.31,2.5,4,0.8089324247904014
274,1161.0,33.333333333333336,3.9700000000000006,1.22,0.95,2.5,4,2.405578941321875
275,1166.0,13.61111111111111,0.94,0.83,1.64,2.25,4,1.6562778152209308
276,1167.0,33.333333333333336,4.0,1.04,0.83,1.53,4,2.2378418544024132
277,1175.0,21.11111111111111,3.7,0.77,0.8,2.37,4,0.5022319354740081
278,1178.0,20.27777777777778,4.0,0.74,0.86,2.5,4,0.5486181104494847
279,1184.0,16.944444444444443,0.73,0.86,1.01,2.5,4,0.44989554986794167
280,1185.0,22.77777777777778,4.0,0.77,0.8,2.5,4,0.5932456687070929
281,1186.0,19.444444444444443,0.79,0.95,0.89,2.5,4,0.6158923073308133
282,1188.0,16.944444444444443,4.0,0.74,0.98,2.5,4,0.9019697354712217
283,1193.0,33.333333333333336,4.0,0.71,1.04,2.5,4,1.0767288395082502
284,1209.0,33.333333333333336,4.0,0.77,0.89,2.5,4,1.1652583527950444
285,1236.0,33.333333333333336,4.0,0.95,1.52,2.5,4,2.278605931481314
286,1243.0,18.61111111111111,4.0,0.74,0.83,2.5,4,1.537709912773193
287,1248.0,11.944444444444445,3.1,0.8,2.45,2.5,4,3.6814250824969847
288,1264.0,30.27777777777778,4.0,1.28,0.8,2.49,4,3.6085560101515743
289,1267.0,33.333333333333336,0.67,0.77,1.4,2.5,4,0.9951736399534545
290,1272.0,33.333333333333336,4.0,0.89,0.8,1.95,4,1.5004344227930575
291,1274.0,24.444444444444443,0.67,1.01,0.89,2.5,4,0.8399271554834771
292,1277.0,18.61111111111111,2.1100000000000003,0.53,1.22,1.59,4,1.2264327404906215
293,1287.0,20.27777777777778,1.9,0.65,0.92,1.92,4,1.799720630078145
294,1288.0,15.277777777777777,0.04,0.68,1.1,2.34,4,0.5912970864249476
295,1289.0,30.27777777777778,2.86,1.04,2.5,1.56,4,2.3810659954800757
296,1290.0,14.444444444444445,1.84,0.95,1.07,2.5,4,1.5443521933261113
297,1297.0,33.333333333333336,4.0,0.8,0.8,2.5,4,2.042042440857945
298,1298.0,21.944444444444443,4.0,0.59,0.8,2.5,4,1.5596677560800685
299,1300.0,16.11111111111111,4.0,0.56,0.92,1.62,4,2.9388007626341146
300,1310.0,33.333333333333336,0.1,1.13,2.5,2.5,4,1.1725055533866724
301,1312.0,33.333333333333336,4.0,0.53,1.79,2.5,4,1.9793197186262323
302,1313.0,13.61111111111111,1.12,0.53,1.25,1.95,4,1.5091206142956635
303,1314.0,16.944444444444443,1.27,0.95,1.58,2.5,4,0.561228168242762
304,1317.0,25.27777777777778,0.34,1.07,1.52,2.5,4,0.6159700719383017
305,1323.0,33.333333333333336,3.46,0.53,0.98,2.5,4,0.8278320263533063
306,1328.0,21.944444444444443,4.0,0.8,0.95,1.8,4,1.7192398684603258
307,1329.0,17.77777777777778,1.33,0.53,1.37,2.5,4,1.8617168179940804
308,1332.0,15.277777777777777,1.33,0.53,0.86,2.5,4,1.7893999383776957
309,1337.0,33.333333333333336,4.0,1.16,1.73,2.5,4,5.249517960173228
310,1338.0,12.777777777777777,1.96,0.74,0.92,2.5,4,2.216288412108412
311,1342.0,11.11111111111111,0.34,0.5,0.8,1.56,4,2.040048400288237
312,1349.0,26.944444444444443,3.1,0.68,0.8,2.5,4,1.721444978336094
313,1350.0,14.444444444444445,1.45,0.56,0.98,2.5,4,3.026524143667091
314,1357.0,16.944444444444443,0.49,0.53,1.34,1.5,4,2.6118769777891657
315,1358.0,21.11111111111111,1.39,0.53,0.83,2.5,4,1.0537979600844722
316,1359.0,33.333333333333336,3.82,0.65,0.8,1.53,4,0.9125358325318915
317,1360.0,33.333333333333336,3.43,0.62,0.8,2.5,4,1.2723394663049747
318,1361.0,14.444444444444445,0.43,0.59,1.07,1.86,4,0.837096103012003
319,1368.0,33.333333333333336,2.71,0.5,1.1,2.5,4,1.7191189975485486
320,1369.0,33.333333333333336,1.12,0.53,1.22,2.5,4,1.0975503260706392
321,1373.0,25.27777777777778,4.0,0.68,0.8,2.5,4,1.5292390574818218
322,1377.0,9.444444444444445,0.73,0.68,1.28,2.5,4,1.4027008954279099
323,1383.0,33.333333333333336,2.02,0.56,1.97,2.5,4,2.2850681158920207
324,1392.0,15.277777777777777,0.34,0.56,2.06,1.95,4,1.0976590516682132
325,1403.0,20.27777777777778,0.28,1.1,1.46,1.98,4,0.5235057766484992
326,1407.0,16.11111111111111,1.57,0.68,2.03,2.5,4,1.0756498525363867
327,1412.0,15.277777777777777,1.51,1.19,2.42,1.95,4,2.043493376941537
328,1425.0,20.27777777777778,0.94,0.5,2.45,1.56,4,1.160151547405788
329,1430.0,33.333333333333336,0.73,0.53,0.8,2.5,4,0.9633312383044156
330,1431.0,15.277777777777777,2.17,0.92,2.5,1.77,4,1.4330070435922901
331,1444.0,15.277777777777777,1.3,0.5,0.83,2.5,4,0.7109709807230744
332,1468.0,18.61111111111111,1.0000000000000002,1.07,0.8,2.5,4,1.904735861848299
333,1474.0,16.944444444444443,0.55,0.59,1.37,1.53,4,0.8783890611281924
334,1475.0,31.11111111111111,0.13,0.77,2.3,1.62,4,0.58100017879646
335,1476.0,29.444444444444443,2.38,0.5,0.8,2.5,4,0.8031077228241214
336,1483.0,33.333333333333336,4.0,0.83,2.27,2.5,4,0.9301228096994346
337,1488.0,16.944444444444443,0.7,0.77,2.45,2.07,4,1.773951359847337
338,1491.0,33.333333333333336,2.14,1.22,2.48,1.86,4,0.9778009855337917
339,1500.0,20.27777777777778,3.25,0.62,1.64,1.53,4,1.0181412824071008
340,1506.0,33.333333333333336,4.0,0.89,0.8,2.5,4,2.4590916977138026
341,1507.0,17.77777777777778,4.0,0.71,1.28,2.5,4,0.703062818036119
342,1531.0,24.444444444444443,2.86,0.53,0.8,1.56,4,1.3345483700400866
343,1534.0,13.61111111111111,1.09,0.68,1.64,1.8,4,0.9415553673489329
344,1537.0,33.333333333333336,4.0,0.65,1.34,2.5,4,2.592114548811146
345,1539.0,17.77777777777778,0.76,0.86,2.5,1.89,4,0.699045241684447
346,1543.0,33.333333333333336,4.0,1.19,2.5,2.5,4,1.1700203405371687
347,1550.0,30.27777777777778,3.88,0.86,0.8,2.5,4,1.5941060605527875
348,1554.0,18.61111111111111,4.0,0.56,2.5,2.5,4,2.3147661477052317
349,1555.0,15.277777777777777,4.0,0.59,1.19,2.43,4,3.0351927776900465
350,1558.0,18.61111111111111,1.3,0.53,1.91,2.5,4,0.6347244711279071
351,1559.0,16.11111111111111,1.48,0.68,0.86,2.19,4,1.0951116974204587
352,1569.0,30.27777777777778,4.0,0.65,1.73,2.5,4,0.895615168022625
353,1573.0,33.333333333333336,4.0,0.56,1.1,2.5,4,0.979254359844794
354,1574.0,17.77777777777778,0.88,1.01,0.8,2.5,4,1.7397161903809752
355,1582.0,33.333333333333336,4.0,1.1,2.5,1.53,4,3.2873836004146355
356,1583.0,13.61111111111111,1.9,0.83,1.22,2.5,4,0.9120194023935392
357,1584.0,16.11111111111111,4.0,0.8,0.83,2.5,4,0.5518055465741583
358,1588.0,33.333333333333336,2.59,0.5,1.04,2.5,4,1.5171383733159738
359,1591.0,16.944444444444443,0.01,0.5,2.5,2.5,4,1.2857165897210663
360,1592.0,17.77777777777778,1.33,0.56,0.86,2.16,4,1.20194708790237
361,1598.0,11.11111111111111,1.69,0.53,0.95,2.5,4,1.1773794688365957
362,1601.0,22.77777777777778,1.0000000000000002,0.8,0.98,1.65,4,1.1323114783003596
363,1602.0,21.944444444444443,2.32,0.62,0.83,2.5,4,1.3263032100982077
364,1605.0,20.27777777777778,3.04,0.53,0.8,2.5,4,3.6668533076330685
365,1606.0,13.61111111111111,0.34,0.5,1.25,1.8,4,2.0755252642679913
366,1611.0,18.61111111111111,0.58,0.56,0.8,2.46,4,1.7510467934687712
367,1612.0,16.11111111111111,0.37,0.8,1.52,1.62,4,1.646302251327189
368,1613.0,15.277777777777777,2.38,0.56,0.95,2.5,4,0.8265579308594824
369,1614.0,25.27777777777778,1.96,0.68,1.61,2.5,4,2.0370060069441176
370,1661.0,14.444444444444445,1.78,0.56,2.5,2.5,4,2.5756883848153214
371,1670.0,15.277777777777777,1.2400000000000002,0.8,0.8,2.5,4,0.6854788756644545
372,1674.0,32.77777777777778,0.97,0.5,1.01,2.5,4,1.6841126355353926
373,1677.0,16.11111111111111,0.61,0.5,1.01,2.5,4,0.997256357956077
374,1683.0,29.444444444444443,0.31,0.95,2.5,1.8,4,0.7334494090313262
375,1690.0,17.77777777777778,3.85,0.5,0.8,2.5,4,1.426770053019141
376,1691.0,16.11111111111111,2.47,0.53,1.04,2.19,4,1.7860520248886331
377,1695.0,13.61111111111111,0.85,0.65,1.88,1.53,4,0.9907947584947389
378,1704.0,33.333333333333336,4.0,0.71,1.4,2.5,4,1.0613351440259224
379,1706.0,33.333333333333336,4.0,1.01,0.86,1.5,4,0.9749901716439857
380,1714.0,19.444444444444443,2.14,1.04,0.95,1.56,4,1.5348814145271432
381,1715.0,33.333333333333336,4.0,0.89,2.5,1.59,4,1.2130067086693723
382,1716.0,16.944444444444443,4.0,0.86,0.86,1.95,4,1.285817342872398
383,1717.0,33.333333333333336,4.0,0.83,2.42,1.5,4,1.9214136892691454
384,1720.0,14.444444444444445,4.0,0.53,0.89,2.5,4,1.6896528682029193
385,1725.0,31.11111111111111,4.0,1.01,0.8,2.5,4,3.9970200153963615
386,1726.0,33.333333333333336,4.0,0.53,2.21,2.5,4,0.7267888191175786
387,1732.0,11.944444444444445,3.58,0.53,2.27,2.5,4,1.4300702307998816
388,1741.0,26.944444444444443,0.55,1.28,0.83,2.5,4,0.9698789556995362
389,1764.0,33.333333333333336,2.71,1.04,2.5,2.5,4,3.0639811713428724
390,1774.0,33.333333333333336,4.0,1.07,1.61,2.5,4,1.618974225051106
391,1777.0,33.333333333333336,4.0,0.89,0.92,2.5,4,1.4294904334447636
392,1778.0,16.11111111111111,4.0,1.01,2.42,2.5,4,2.23733652562271
393,1780.0,33.333333333333336,4.0,0.59,1.13,2.5,4,1.7443781610790634
394,1782.0,31.11111111111111,4.0,0.68,0.95,2.5,4,0.4974667622677973
395,1788.0,33.333333333333336,3.9399999999999995,0.71,2.5,2.5,4,0.6094546610294413
396,1789.0,33.333333333333336,3.01,0.65,2.5,2.49,4,2.916279282902197
397,1790.0,29.444444444444443,2.65,0.62,0.8,2.5,4,0.9214649017567135
398,1794.0,13.61111111111111,4.0,0.59,1.46,2.22,4,1.6125547060221388
399,1798.0,33.333333333333336,4.0,0.8,1.28,2.5,4,0.9172375088478268
400,1799.0,27.77777777777778,1.33,1.13,2.5,1.53,4,1.056341759142821
401,1801.0,33.333333333333336,4.0,0.74,0.8,2.5,4,3.177409562257724
402,1802.0,30.27777777777778,4.0,1.01,1.43,2.5,4,1.652933354487263
403,1809.0,31.944444444444443,1.9,0.92,2.5,1.56,4,1.527055173609371
404,1817.0,21.944444444444443,2.41,0.92,1.1,1.71,4,0.7401406924404532
405,1818.0,21.11111111111111,3.64,0.71,0.8,2.34,4,1.2976654237503422
406,1819.0,16.944444444444443,0.94,0.77,0.89,2.22,4,2.096071070754946
407,1820.0,22.77777777777778,4.0,1.01,0.8,2.46,4,1.2435531959264923
408,1826.0,29.444444444444443,4.0,0.65,0.86,1.62,4,0.6041002603619684
409,1827.0,27.77777777777778,4.0,0.92,1.22,1.5,4,0.9729794764006579
410,1838.0,11.944444444444445,4.0,0.53,0.83,1.68,4,1.514181203620547
411,1842.0,33.333333333333336,4.0,1.13,1.07,2.5,4,1.7624294146023225
412,1845.0,14.444444444444445,0.58,0.89,2.5,2.46,4,2.0611740979348525
413,1849.0,15.277777777777777,4.0,0.89,0.98,2.46,4,0.8948400696997182
414,1851.0,30.27777777777778,3.82,0.83,2.5,1.5,4,1.7230596695569502
415,1853.0,33.333333333333336,3.88,0.56,2.36,2.5,4,1.1954464316830131
416,1858.0,13.61111111111111,1.03,0.56,2.5,1.59,4,1.0859961984497841
417,1859.0,33.333333333333336,0.01,1.22,2.42,1.56,4,0.7930293865418441
418,1860.0,16.11111111111111,2.41,0.8,0.92,2.5,4,1.9945876358441763
419,1861.0,12.777777777777777,1.57,0.77,1.73,2.5,4,1.5567038325031644
420,1865.0,25.27777777777778,4.0,0.74,0.8,2.5,4,0.7203936734962233
421,1867.0,33.333333333333336,4.0,0.86,0.8,2.5,4,1.3004927862033524
422,1868.0,13.61111111111111,1.06,0.62,1.88,2.5,4,0.872704665196891
423,1872.0,15.277777777777777,1.51,0.86,1.28,1.95,4,0.998833500823886
424,1873.0,15.277777777777777,1.12,0.92,1.52,2.5,4,0.6916334217044151
425,1880.0,16.944444444444443,1.27,0.53,0.8,1.59,4,0.965443569222664
426,1881.0,33.333333333333336,4.0,0.65,1.52,1.53,4,1.4157565871511948
427,1882.0,18.61111111111111,3.4,0.53,1.04,2.5,4,0.7581835719196495
428,1884.0,30.27777777777778,4.0,0.92,1.91,1.59,4,0.8959564190128839
429,1887.0,15.277777777777777,4.0,0.98,0.98,2.5,4,0.8624343444906127
430,1899.0,13.61111111111111,1.6,0.8,0.83,2.34,4,0.8664708761468778
431,1900.0,12.777777777777777,0.67,0.95,1.22,2.04,4,0.7272128424973668
432,1903.0,33.333333333333336,4.0,0.77,0.8,2.5,4,0.8418838524704775
433,1913.0,14.444444444444445,4.0,0.68,0.89,2.5,4,0.9039105681325807
434,1918.0,18.61111111111111,2.62,0.74,0.98,2.5,4,0.3578212120957545
435,1927.0,33.333333333333336,4.0,0.83,0.8,2.5,4,0.513588739709067
436,1934.0,33.333333333333336,4.0,0.74,1.1,2.5,4,2.176800253698803
437,1942.0,14.444444444444445,3.31,0.62,1.82,2.34,4,1.994521572310972
438,1954.0,33.333333333333336,4.0,1.1,0.83,2.5,4,2.2704102965157853
439,1955.0,14.444444444444445,4.0,0.5,1.52,1.68,4,1.221709219960412
440,1956.0,33.333333333333336,1.27,1.07,2.5,1.8,4,2.3980181350375007
441,1960.0,27.77777777777778,2.05,0.86,0.8,2.5,4,0.7105070555492565
442,1966.0,14.444444444444445,0.49,1.07,2.33,1.65,4,0.9683194343715396
443,1969.0,33.333333333333336,4.0,0.83,0.89,1.59,4,0.6875902163419507
444,1980.0,33.333333333333336,0.1,0.5,1.04,2.5,4,2.2260797331618796
445,1981.0,33.333333333333336,0.67,0.77,0.8,1.8,4,2.005890944877425
446,1988.0,33.333333333333336,4.0,1.22,2.5,1.5,4,1.8948144674257825
447,1993.0,29.444444444444443,4.0,0.77,2.48,2.01,4,0.9644636352852609
448,1995.0,20.27777777777778,1.87,0.71,0.83,2.01,4,0.6378334338757382
449,2001.0,18.61111111111111,3.34,0.89,0.8,2.5,4,1.3361588722644753
450,2008.0,33.333333333333336,1.6,0.5,0.86,2.5,4,1.2697317446008227
451,2009.0,33.333333333333336,0.43,0.71,0.8,2.5,4,1.146204113052533
452,2017.0,33.333333333333336,4.0,0.5,1.19,2.5,4,0.9570305567308296
453,2018.0,16.944444444444443,4.0,0.77,1.22,2.31,4,0.7552143632768875
454,2031.0,15.277777777777777,1.42,0.83,0.8,2.5,4,2.7855403451857126
455,2041.0,18.61111111111111,0.61,0.71,2.27,2.34,4,1.0351873066231445
456,2050.0,33.333333333333336,0.52,0.65,1.43,1.5,4,0.9302255698334694
457,2051.0,26.944444444444443,0.46,0.71,0.89,1.53,4,0.6543517623649499
458,2052.0,33.333333333333336,3.25,0.5,2.5,2.37,4,0.7236410760739154
459,2061.0,16.944444444444443,1.39,0.65,0.98,1.62,4,2.5078278698048826
460,2062.0,33.333333333333336,4.0,0.86,0.86,1.5,4,0.8377621512875293
461,2072.0,16.11111111111111,2.35,0.62,1.46,2.5,4,1.169426857079856
462,2073.0,25.27777777777778,4.0,0.8,0.8,1.59,4,1.8047438544745886
463,2074.0,24.444444444444443,2.86,1.01,0.8,2.5,4,0.9150427457361725
464,2083.0,33.333333333333336,3.64,0.77,2.5,1.62,4,1.668038781711234
465,2085.0,33.333333333333336,4.0,0.92,2.5,2.5,4,0.6031593529580535
466,2088.0,21.944444444444443,4.0,1.22,1.13,2.37,4,0.9091312705066109
467,2095.0,33.333333333333336,4.0,0.83,1.43,2.5,4,0.5908484407886776
468,2096.0,33.333333333333336,4.0,1.16,1.13,2.5,4,1.2716427018542615
469,2098.0,33.333333333333336,2.08,0.86,0.8,2.5,4,1.3185960897895668
470,2102.0,15.277777777777777,2.08,0.53,0.8,2.1,4,3.115295653705416
471,2103.0,10.277777777777777,0.76,0.62,1.97,2.04,4,1.9733724609698906
472,2105.0,33.333333333333336,0.13,0.53,0.8,2.01,4,1.5923962181239057
473,2112.0,14.444444444444445,0.13,0.77,0.98,2.37,4,2.6527515837740143
474,2114.0,19.444444444444443,1.45,0.53,0.83,2.46,4,1.7893681002811224
475,2119.0,16.11111111111111,3.55,0.56,1.22,2.43,4,0.7320356822993532
476,2120.0,11.944444444444445,1.54,0.8,1.97,1.77,4,1.3085697539878038
477,2132.0,15.277777777777777,2.65,0.95,0.83,2.5,4,1.2516594725257593
478,2141.0,15.277777777777777,2.83,0.65,1.1,2.46,4,0.7984513260573087
479,2142.0,10.277777777777777,1.06,0.62,1.34,2.5,4,1.634101866079977
480,2146.0,14.444444444444445,4.0,0.62,2.5,2.5,4,4.346041934532898
481,2163.0,33.333333333333336,4.0,0.65,0.8,2.5,4,2.3806372457006546
482,2172.0,33.333333333333336,1.42,1.46,2.5,1.56,4,3.4064228586259944
483,2180.0,15.277777777777777,0.34,0.56,1.31,2.5,4,1.0384454194369637
484,2188.0,27.77777777777778,3.58,0.5,0.8,2.5,4,1.1542983011319787
485,2201.0,16.11111111111111,1.78,0.56,0.86,2.43,4,1.055853829029496
486,2207.0,33.333333333333336,0.19,0.59,0.95,1.5,4,2.4764026316079497
487,2209.0,12.777777777777777,4.0,0.65,1.88,1.65,4,1.7109914001988864
488,2214.0,33.333333333333336,2.32,0.65,0.89,2.5,4,0.5701256835173962
489,2216.0,15.277777777777777,0.07,0.53,2.12,2.5,4,1.7908093726296288
490,2222.0,33.333333333333336,4.0,0.8,1.16,2.5,4,1.9056705885058705
491,2230.0,31.11111111111111,0.79,0.83,1.58,2.5,4,0.722500140988128
492,2239.0,33.333333333333336,4.0,0.65,1.31,2.5,4,1.400121649385337
493,2241.0,15.277777777777777,4.0,0.5,1.64,2.5,4,0.949851096964416
494,2250.0,33.333333333333336,4.0,0.71,2.5,2.5,4,1.4751754358451814
495,2251.0,33.333333333333336,1.3,1.01,2.5,2.5,4,3.6840699586854053
496,2259.0,19.444444444444443,4.0,0.53,2.03,1.5,4,0.7591586476065485
497,2260.0,33.333333333333336,4.0,0.5,0.86,1.71,4,1.4187297528557627
498,2261.0,16.11111111111111,1.12,0.68,0.8,2.37,4,1.374886042877384
499,2263.0,24.444444444444443,4.0,0.56,1.04,2.5,4,2.002047032445107
